{
    "vertices": [-0.001965,-0.070827,-0.039845,0.918362,-0.002053,0.7705,-0.388888,0.034869,1.23458,-1.26057,0.225854,0.000446,-0.418332,0.191797,-1.25185,0.848581,0.01207,-0.766846,0.434982,1.03553,1.12107,-0.922836,1.00247,0.775127,-0.754427,0.991099,-0.714667,0.320616,1.10897,-1.4365,0.923984,1.08585,-0.049037,0.177535,1.77236,0.002803,-0.233048,0.042644,0.564443,0.510825,-0.069157,0.393361,0.28727,0.015788,1.04971,0.990207,-0.070263,0.018099,0.531623,-0.081595,-0.478278,-0.711813,-0.035667,-0.038924,-0.858557,0.159029,0.645176,-0.219237,-0.0831,-0.785568,-0.91194,0.084385,-0.657005,0.316839,0.069867,-1.23514,1.15303,0.622038,0.429194,1.19596,0.554582,-0.465272,0.000163,0.479406,1.45866,0.63194,0.624046,0.88875,-1.23341,0.47319,0.439063,-0.577294,0.473516,0.92908,-0.748764,0.548317,-0.906035,-1.16971,0.54761,-0.411797,0.745159,0.574297,-1.26571,-0.0568,0.551307,-1.36225,0.709469,1.17952,0.6078,-0.229619,1.19083,1.26843,-1.05475,1.09095,0.033533,-0.277923,1.14189,-0.928663,0.939609,1.30431,-0.777971,0.294425,1.56152,0.683899,0.669787,1.64658,-0.024818,-0.21266,1.11563,0.313345,-0.326762,1.28199,-0.462437,0.287072,1.6495,-0.727768],
    "normals": [-0.045198,-0.996338,0.072451,-0.015229,-0.996155,0.086062,-0.11362,-0.989502,0.088992,0.597522,-0.581256,0.552293,0.61507,-0.788415,0.006165,-0.248878,-0.965606,0.07477,-0.113163,-0.967864,-0.224433,0.069948,-0.992767,-0.097262,0.924406,0.164922,0.343883,-0.428144,-0.629292,0.648579,0.276833,-0.769005,0.576128,0.051424,-0.100192,0.993622,-0.883969,-0.467483,-0.00531,-0.553545,-0.672262,0.491531,-0.912412,-0.093509,0.398389,-0.429334,-0.391095,-0.814051,-0.640248,-0.638203,-0.427442,-0.673208,0.16126,-0.72161,0.5674,-0.729576,-0.381726,0.164922,-0.674673,-0.719443,0.596851,-0.121891,-0.793023,0.673025,0.062502,0.73693,-0.660756,-0.010468,0.750511,-0.908933,0.121555,-0.398785,-0.251808,0.038148,-0.967009,0.982879,-0.026917,-0.182195,0.597919,0.330332,0.730308,0.758354,0.470717,0.450819,0.036988,0.897702,0.438978,-0.637562,0.555589,0.533647,-0.315653,0.619556,0.71865,-0.460219,0.877316,0.136021,-0.594104,0.587115,-0.549821,-0.660939,0.750328,-0.011719,-0.506485,0.854274,-0.116794,0.026978,0.411298,-0.911069,-0.526658,0.621326,-0.580126,-0.070009,0.916349,-0.394177,0.888577,0.437849,0.136692,0.768914,0.539659,-0.342753,0.611103,0.783593,0.11182,-0.300882,0.947569,0.107578],
    "uvs": [[1.26946,0.414788,1.11363,0.235403,1.38676,0.213349,0.991216,0.079098,0.924881,0.340549,1.51451,0.452405,1.30693,0.68773,1.05893,0.540068,0.728833,0.124188,-0.18148,-0.187068,0.060192,-0.165584,-0.093691,0.013136,-0.030539,0.834202,-0.160807,0.652344,-0.027688,0.699207,0.615604,0.772101,0.578043,0.991938,0.480584,0.83963,0.770702,0.518707,0.69471,0.644874,0.630344,0.546273,0.298357,-0.187068,0.446427,0.026161,0.205464,0.037182,-0.272462,0.436728,-0.140906,0.269113,-0.118457,0.509249,0.133255,0.88087,0.579728,0.672422,0.687603,0.383558,0.11287,0.18945,0.304115,0.213081,0.237233,0.344496,0.035935,0.558755,0.047223,0.374401,0.19861,0.503669,0.34498,0.778325,0.141552,0.679575,0.332373,0.61231,0.537182,0.575133,0.430133,0.653555,0.438389,0.510565,0.521253,0.257904,0.538923,0.448811,0.401397,0.37615,0.337237,0.445968,0.628507,0.547741,0.36801,1.01397,0.403072,1.20265,0.888715,0.571837,0.773893,0.822582,1.56428,0.678019,1.72721,0.465014,1.61503,0.219055,1.47609,-0.014718,1.22836,0.015522],[0.770917,0.299873,0.692732,0.210376,0.829299,0.198964,0.631288,0.132375,0.598478,0.263226,0.893524,0.318344,0.790038,0.436327,0.6658,0.362824,0.500127,0.155292,0.045498,8.3e-05,0.166218,0.010814,0.08935,0.100089,0.120924,0.510222,0.055854,0.419371,0.12235,0.442778,0.444222,0.479593,0.42521,0.589736,0.376498,0.513261,0.52156,0.352626,0.483742,0.415979,0.451163,0.366592,0.285187,8.3e-05,0.359151,0.106597,0.238783,0.1121,8.3e-05,0.311678,0.065785,0.227959,0.077006,0.347896,0.202757,0.533543,0.42615,0.429867,0.479748,0.285055,0.192532,0.18816,0.288056,0.199965,0.254641,0.265603,0.154125,0.372616,0.159752,0.280539,0.235374,0.345089,0.308576,0.482321,0.206896,0.432957,0.302247,0.39925,0.404725,0.381684,0.351415,0.41983,0.35494,0.348356,0.396526,0.222366,0.405211,0.317807,0.336641,0.281422,0.30455,0.316294,0.450239,0.367335,0.319833,0.60055,0.337208,0.695233,0.580756,0.379067,0.523528,0.504921,0.918729,0.431111,0.999917,0.324353,0.94347,0.201499,0.873656,0.084777,0.749804,0.100247]],
    "metadata": {
        "vertices": 42,
        "normals": 42,
        "uvs": 2,
        "generator": "io_three",
        "type": "Geometry",
        "version": 3,
        "faces": 143
    },
    "name": "IcosphereGeometry",
    "faces": [40,0,13,12,0,1,2,0,1,2,0,1,2,40,1,13,15,3,1,4,3,1,4,3,1,4,40,0,12,17,0,2,5,0,2,5,0,2,5,40,0,17,19,0,5,6,0,5,6,0,5,6,40,0,19,16,0,6,7,0,6,7,0,6,7,40,1,15,22,3,4,8,3,4,8,3,4,8,40,2,14,24,9,10,11,9,10,11,9,10,11,40,3,18,26,12,13,14,12,13,14,12,13,14,40,4,20,28,15,16,17,15,16,17,15,16,17,40,5,21,30,18,19,20,18,19,20,18,19,20,40,1,22,25,21,22,23,21,22,23,3,8,21,40,2,24,27,24,25,26,24,25,26,9,11,22,40,3,26,29,12,14,27,12,14,27,12,14,23,40,4,28,31,15,17,28,15,17,28,15,17,24,40,5,30,23,18,20,29,18,20,29,18,20,25,40,6,32,37,30,31,32,30,31,32,26,27,28,40,7,33,39,33,34,35,33,34,35,29,30,31,40,8,34,40,36,37,38,36,37,38,32,33,34,40,9,35,41,39,40,41,39,40,41,35,36,37,40,10,36,38,42,43,44,42,43,44,38,39,40,40,38,41,11,44,41,45,44,41,45,40,37,41,40,38,36,41,44,43,41,44,43,41,40,39,37,40,36,9,41,43,39,41,43,39,41,39,35,37,40,41,40,11,41,38,45,41,38,45,37,34,41,40,41,35,40,41,40,38,41,40,38,37,36,34,40,35,8,40,40,36,38,40,36,38,36,32,34,40,40,39,11,38,35,45,38,35,45,34,31,41,40,40,34,39,38,37,35,38,37,35,34,33,31,40,34,7,39,37,33,35,37,33,35,33,29,31,40,39,37,11,35,32,45,35,32,45,31,28,41,40,39,33,37,35,34,32,35,34,32,31,30,28,40,33,6,37,34,30,32,34,30,32,30,26,28,40,37,38,11,32,44,45,32,44,45,28,40,41,40,37,32,38,32,31,44,32,31,44,28,27,40,40,32,10,38,31,42,44,31,42,44,27,38,40,40,23,36,10,29,43,42,29,43,42,25,39,38,40,23,30,36,29,20,43,29,20,43,25,20,39,40,30,9,36,46,39,43,46,39,43,20,35,39,40,31,35,9,28,40,39,28,40,39,24,36,35,40,31,28,35,28,17,40,28,17,40,24,17,36,40,28,8,35,17,36,40,17,36,40,17,32,36,40,29,34,8,27,37,36,27,37,36,23,33,32,40,29,26,34,27,14,37,27,14,37,23,14,33,40,26,7,34,14,33,37,14,33,37,14,29,33,40,27,33,7,26,34,33,26,34,33,22,30,29,40,27,24,33,26,25,34,26,25,34,22,11,30,40,24,6,33,25,30,34,25,30,34,11,26,30,40,25,32,6,23,31,30,23,31,30,21,27,26,40,25,22,32,23,22,31,23,22,31,21,8,27,40,22,10,32,22,42,31,22,42,31,8,38,27,40,30,31,9,46,28,39,46,28,39,20,24,35,40,30,21,31,46,19,28,46,19,28,20,19,24,40,21,4,31,19,15,28,19,15,28,19,15,24,40,28,29,8,17,47,36,17,47,36,17,23,32,40,28,20,29,17,16,47,17,16,47,17,16,23,40,20,3,29,16,48,47,16,48,47,16,12,23,40,26,27,7,14,26,33,14,26,33,14,22,29,40,26,18,27,14,13,26,14,13,26,14,13,22,40,18,2,27,13,24,26,13,24,26,13,9,22,40,24,25,6,11,23,30,11,23,30,11,21,26,40,24,14,25,11,10,23,11,10,23,11,10,21,40,14,1,25,10,21,23,10,21,23,10,3,21,40,22,23,10,8,29,42,8,29,42,8,25,38,40,22,15,23,8,4,29,8,4,29,8,4,25,40,15,5,23,4,18,29,4,18,29,4,18,25,40,16,21,5,49,19,18,49,19,18,7,19,18,40,16,19,21,49,50,19,49,50,19,7,6,19,40,19,4,21,50,15,19,50,15,19,6,15,19,40,19,20,4,50,16,15,50,16,15,6,16,15,40,19,17,20,6,5,51,6,5,51,6,5,16,40,17,3,20,5,52,51,5,52,51,5,12,16,40,17,18,3,5,53,52,5,53,52,5,13,12,40,17,12,18,5,2,53,5,2,53,5,2,13,40,12,2,18,2,54,53,2,54,53,2,9,13,40,15,16,5,4,49,18,4,49,18,4,7,18,40,15,13,16,4,1,7,4,1,7,4,1,7,40,13,0,16,1,0,7,1,0,7,1,0,7,40,12,14,2,2,55,54,2,55,54,2,10,9,40,12,13,14,2,1,55,2,1,55,2,1,10,40,13,1,14,1,3,55,1,3,55,1,3,10]
}
